<?xml version="1.0" encoding="UTF-8"?>
<project-private xmlns="http://www.netbeans.org/ns/project-private/1">
    <editor-bookmarks xmlns="http://www.netbeans.org/ns/editor-bookmarks/2" lastBookmarkId="0"/>
    <open-files xmlns="http://www.netbeans.org/ns/projectui-open-files/2">
        <group>
            <file>file:/C:/Users/guan.kiat/OneDrive%20-%20Asia%20Pacific%20University/Desktop/JavaApplication343/src/javaapplication343/JavaApplication343.java</file>
            <file>file:/C:/Users/guan.kiat/OneDrive%20-%20Asia%20Pacific%20University/Desktop/JavaApplication343/src/javaapplication343/Human.java</file>
            <file>file:/C:/Users/guan.kiat/OneDrive%20-%20Asia%20Pacific%20University/Desktop/JavaApplication343/src/javaapplication343/Customer.java</file>
            <file>file:/C:/Users/guan.kiat/OneDrive%20-%20Asia%20Pacific%20University/Desktop/JavaApplication343/src/javaapplication343/NewInterface1.java</file>
            <file>file:/C:/Users/guan.kiat/OneDrive%20-%20Asia%20Pacific%20University/Desktop/JavaApplication343/src/javaapplication343/NewInterface.java</file>
        </group>
    </open-files>
</project-private>
