<?xml version="1.0" encoding="UTF-8"?>
<project-private xmlns="http://www.netbeans.org/ns/project-private/1">
    <editor-bookmarks xmlns="http://www.netbeans.org/ns/editor-bookmarks/2" lastBookmarkId="0"/>
    <open-files xmlns="http://www.netbeans.org/ns/projectui-open-files/2">
        <group>
            <file>file:/C:/Users/Darshrnney/Downloads/Assignment_DS%20Group%202/Assignment_DS%20Group%202/src/assignment_ds/database.java</file>
            <file>file:/C:/Users/Darshrnney/Downloads/Assignment_DS%20Group%202/Assignment_DS%20Group%202/src/assignment_ds/Client.java</file>
            <file>file:/C:/Users/Darshrnney/Downloads/Assignment_DS%20Group%202/Assignment_DS%20Group%202/src/assignment_ds/Server.java</file>
            <file>file:/C:/Users/Darshrnney/Downloads/Assignment_DS%20Group%202/Assignment_DS%20Group%202/src/assignment_ds/Main.java</file>
            <file>file:/C:/Users/Darshrnney/Downloads/Assignment_DS%20Group%202/Assignment_DS%20Group%202/src/assignment_ds/RMIRegistry.java</file>
            <file>file:/C:/Users/Darshrnney/Downloads/Assignment_DS%20Group%202/Assignment_DS%20Group%202/src/assignment_ds/Interface.java</file>
            <file>file:/C:/Users/Darshrnney/Downloads/Assignment_DS%20Group%202/Assignment_DS%20Group%202/src/assignment_ds/StaffDashboard.java</file>
        </group>
    </open-files>
</project-private>
